"Data";"Block";"fold";"Dim";"OOB_Acc";"Test_Acc";"Test_F1";"Time"
"BLCA_subset.RData";"mirna";"1";"248 x 413";"0.754032258064516";"0.758064516129032";"0";"0.00550390084584554"
"BLCA_subset.RData";"mirna";"2";"248 x 413";"0.762096774193548";"0.758064516129032";"0";"0.00583720207214355"
"BLCA_subset.RData";"mirna";"3";"248 x 413";"0.758064516129032";"0.758064516129032";"0";"0.00507024923960368"
"BLCA_subset.RData";"mirna";"4";"248 x 413";"0.75";"0.758064516129032";"0";"0.00585414965947469"
"BLCA_subset.RData";"mirna";"5";"248 x 413";"0.754032258064516";"0.758064516129032";"0";"0.0052703857421875"
"BLCA_subset.RData";"mutation";"1";"248 x 1866";"0.709677419354839";"0.774193548387097";"0.3";"0.0134095509847005"
"BLCA_subset.RData";"mutation";"2";"248 x 1866";"0.729838709677419";"0.790322580645161";"0.380952380952381";"0.0132427493731181"
"BLCA_subset.RData";"mutation";"3";"248 x 1866";"0.693548387096774";"0.758064516129032";"0.285714285714286";"0.0137597799301147"
"BLCA_subset.RData";"mutation";"4";"248 x 1866";"0.709677419354839";"0.693548387096774";"0";"0.0122420310974121"
"BLCA_subset.RData";"mutation";"5";"248 x 1866";"0.754032258064516";"0.645161290322581";"0";"0.0131927172342936"
"BLCA_subset.RData";"rna";"1";"248 x 3463";"0.770161290322581";"0.758064516129032";"0";"0.011574931939443"
"BLCA_subset.RData";"rna";"2";"248 x 3463";"0.782258064516129";"0.758064516129032";"0";"0.0128091335296631"
"BLCA_subset.RData";"rna";"3";"248 x 3463";"0.778225806451613";"0.758064516129032";"0";"0.0121082981427511"
"BLCA_subset.RData";"rna";"4";"248 x 3463";"0.778225806451613";"0.806451612903226";"0.333333333333333";"0.0115248839060465"
"BLCA_subset.RData";"rna";"5";"248 x 3463";"0.774193548387097";"0.758064516129032";"0";"0.0121586640675863"
"BLCA_subset.RData";"cnv";"1";"248 x 2899";"0.987903225806452";"1";"1";"0.00778883298238118"
"BLCA_subset.RData";"cnv";"2";"248 x 2899";"0.983870967741935";"1";"1";"0.0081221342086792"
"BLCA_subset.RData";"cnv";"3";"248 x 2899";"0.991935483870968";"0.983870967741935";"0.967741935483871";"0.00717144807179769"
"BLCA_subset.RData";"cnv";"4";"248 x 2899";"0.991935483870968";"0.983870967741935";"0.967741935483871";"0.0105741500854492"
"BLCA_subset.RData";"cnv";"5";"248 x 2899";"0.991935483870968";"0.983870967741935";"0.967741935483871";"0.0070716659228007"
"BLCA_subset.RData";"clin";"1";"248 x 4";"0.665322580645161";"0.709677419354839";"0.25";"0.00321894884109497"
"BLCA_subset.RData";"clin";"2";"248 x 4";"0.637096774193548";"0.709677419354839";"0.181818181818182";"0.00315226713816325"
"BLCA_subset.RData";"clin";"3";"248 x 4";"0.669354838709677";"0.629032258064516";"0.258064516129032";"0.00301883220672607"
"BLCA_subset.RData";"clin";"4";"248 x 4";"0.673387096774194";"0.645161290322581";"0.214285714285714";"0.00305216709772746"
"BLCA_subset.RData";"clin";"5";"248 x 4";"0.616935483870968";"0.741935483870968";"0.2";"0.00328566630681356"
"COAD_subset.RData";"mirna";"1";"280 x 402";"0.507142857142857";"0.471428571428571";"0.350877192982456";"0.00815579891204834"
"COAD_subset.RData";"mirna";"2";"280 x 402";"0.482142857142857";"0.457142857142857";"0.344827586206897";"0.00803903341293335"
"COAD_subset.RData";"mirna";"3";"281 x 402";"0.459074733096085";"0.478260869565217";"0.357142857142857";"0.00730516910552978"
"COAD_subset.RData";"mirna";"4";"279 x 402";"0.498207885304659";"0.563380281690141";"0.474576271186441";"0.00620439847310384"
"COAD_subset.RData";"mirna";"5";"280 x 402";"0.492857142857143";"0.585714285714286";"0.508474576271187";"0.00673778454462687"
"COAD_subset.RData";"mutation";"1";"280 x 1980";"0.528571428571429";"0.542857142857143";"0.428571428571429";"0.0166451533635457"
"COAD_subset.RData";"mutation";"2";"280 x 1980";"0.464285714285714";"0.6";"0.5";"0.0197307149569194"
"COAD_subset.RData";"mutation";"3";"281 x 1980";"0.505338078291815";"0.478260869565217";"0.333333333333333";"0.016261347134908"
"COAD_subset.RData";"mutation";"4";"279 x 1980";"0.530465949820789";"0.535211267605634";"0.352941176470588";"0.0163282990455627"
"COAD_subset.RData";"mutation";"5";"280 x 1980";"0.571428571428571";"0.428571428571429";"0.354838709677419";"0.016144863764445"
"COAD_subset.RData";"rna";"1";"280 x 3333";"0.946428571428571";"0.914285714285714";"0.90625";"0.0143267512321472"
"COAD_subset.RData";"rna";"2";"280 x 3333";"0.882142857142857";"0.914285714285714";"0.90625";"0.0144933144251506"
"COAD_subset.RData";"rna";"3";"281 x 3333";"0.903914590747331";"0.942028985507246";"0.935483870967742";"0.0140766501426697"
"COAD_subset.RData";"rna";"4";"279 x 3333";"0.89247311827957";"0.901408450704225";"0.892307692307692";"0.0140933156013489"
"COAD_subset.RData";"rna";"5";"280 x 3333";"0.864285714285714";"0.9";"0.888888888888889";"0.0191136360168457"
"COAD_subset.RData";"cnv";"1";"280 x 2899";"0.989285714285714";"0.971428571428571";"0.970588235294118";"0.00970681508382162"
"COAD_subset.RData";"cnv";"2";"280 x 2899";"0.985714285714286";"0.985714285714286";"0.985074626865672";"0.00937331914901733"
"COAD_subset.RData";"cnv";"3";"281 x 2899";"0.98576512455516";"0.985507246376812";"0.985074626865672";"0.0100571672121684"
"COAD_subset.RData";"cnv";"4";"279 x 2899";"0.982078853046595";"1";"1";"0.00917318264643351"
"COAD_subset.RData";"cnv";"5";"280 x 2899";"0.985714285714286";"0.985714285714286";"0.985507246376812";"0.00822251637776693"
"COAD_subset.RData";"clin";"1";"280 x 5";"0.564285714285714";"0.642857142857143";"0.59016393442623";"0.00450321435928345"
"COAD_subset.RData";"clin";"2";"280 x 5";"0.482142857142857";"0.557142857142857";"0.550724637681159";"0.00435308615366618"
"COAD_subset.RData";"clin";"3";"281 x 5";"0.558718861209964";"0.492753623188406";"0.385964912280702";"0.00371933380762736"
"COAD_subset.RData";"clin";"4";"279 x 5";"0.541218637992832";"0.52112676056338";"0.46875";"0.00413628419240316"
"COAD_subset.RData";"clin";"5";"280 x 5";"0.557142857142857";"0.557142857142857";"0.537313432835821";"0.00406958262125651"
"ESCA_subset.RData";"mirna";"1";"97 x 383";"0.835051546391753";"0.833333333333333";"0";"0.00341910123825073"
"ESCA_subset.RData";"mirna";"2";"97 x 383";"0.835051546391753";"0.833333333333333";"0";"0.0023683508237203"
"ESCA_subset.RData";"mirna";"3";"96 x 383";"0.833333333333333";"0.84";"0";"0.00235166549682617"
"ESCA_subset.RData";"mirna";"4";"97 x 383";"0.835051546391753";"0.791666666666667";"0";"0.00226828257242839"
"ESCA_subset.RData";"mirna";"5";"97 x 383";"0.824742268041237";"0.833333333333333";"0";"0.00206811428070068"
"ESCA_subset.RData";"mutation";"1";"97 x 1517";"0.835051546391753";"0.791666666666667";"0";"0.00497021675109863"
"ESCA_subset.RData";"mutation";"2";"97 x 1517";"0.824742268041237";"0.833333333333333";"0";"0.0041363000869751"
"ESCA_subset.RData";"mutation";"3";"96 x 1517";"0.822916666666667";"0.84";"0";"0.00391945044199626"
"ESCA_subset.RData";"mutation";"4";"97 x 1517";"0.824742268041237";"0.833333333333333";"0";"0.00390278100967407"
"ESCA_subset.RData";"mutation";"5";"97 x 1517";"0.824742268041237";"0.833333333333333";"0";"0.00371931791305542"
"ESCA_subset.RData";"rna";"1";"97 x 3825";"0.845360824742268";"0.833333333333333";"0";"0.00450283686319987"
"ESCA_subset.RData";"rna";"2";"97 x 3825";"0.835051546391753";"0.833333333333333";"0";"0.00570404926935832"
"ESCA_subset.RData";"rna";"3";"96 x 3825";"0.833333333333333";"0.84";"0";"0.00530375242233276"
"ESCA_subset.RData";"rna";"4";"97 x 3825";"0.835051546391753";"0.833333333333333";"0";"0.00506988366444906"
"ESCA_subset.RData";"rna";"5";"97 x 3825";"0.835051546391753";"0.833333333333333";"0";"0.00465303262074788"
"ESCA_subset.RData";"cnv";"1";"97 x 2899";"0.88659793814433";"0.875";"0.4";"0.00430276791254679"
"ESCA_subset.RData";"cnv";"2";"97 x 2899";"0.876288659793814";"0.875";"0.4";"0.00400253136952718"
"ESCA_subset.RData";"cnv";"3";"96 x 2899";"0.833333333333333";"1";"1";"0.00371931791305542"
"ESCA_subset.RData";"cnv";"4";"97 x 2899";"0.907216494845361";"0.875";"0.4";"0.00381908019383748"
"ESCA_subset.RData";"cnv";"5";"97 x 2899";"0.907216494845361";"0.916666666666667";"0.75";"0.00363554954528809"
"ESCA_subset.RData";"clin";"1";"97 x 4";"0.824742268041237";"0.833333333333333";"0";"0.00130093495051066"
"ESCA_subset.RData";"clin";"2";"97 x 4";"0.865979381443299";"0.666666666666667";"0.2";"0.00146776835123698"
"ESCA_subset.RData";"clin";"3";"96 x 4";"0.802083333333333";"0.84";"0";"0.00495353539784749"
"ESCA_subset.RData";"clin";"4";"97 x 4";"0.835051546391753";"0.833333333333333";"0";"0.00141770044962565"
"ESCA_subset.RData";"clin";"5";"97 x 4";"0.835051546391753";"0.833333333333333";"0";"0.00155113538106283"
"HNSC_subset.RData";"mirna";"1";"330 x 397";"0.733333333333333";"0.740740740740741";"0";"0.00740526914596558"
"HNSC_subset.RData";"mirna";"2";"329 x 397";"0.732522796352584";"0.74390243902439";"0";"0.00707171758015951"
"HNSC_subset.RData";"mirna";"3";"329 x 397";"0.738601823708207";"0.719512195121951";"0";"0.00710506836573283"
"HNSC_subset.RData";"mirna";"4";"328 x 397";"0.73780487804878";"0.72289156626506";"0";"0.00730519692103068"
"HNSC_subset.RData";"mirna";"5";"328 x 397";"0.731707317073171";"0.734939759036145";"0";"0.00740528504053752"
"HNSC_subset.RData";"mutation";"1";"330 x 1785";"0.715151515151515";"0.703703703703704";"0.0769230769230769";"0.0201473514238993"
"HNSC_subset.RData";"mutation";"2";"329 x 1785";"0.702127659574468";"0.682926829268293";"0.133333333333333";"0.0220490694046021"
"HNSC_subset.RData";"mutation";"3";"329 x 1785";"0.68693009118541";"0.670731707317073";"0.129032258064516";"0.0246675809224447"
"HNSC_subset.RData";"mutation";"4";"328 x 1785";"0.673780487804878";"0.72289156626506";"0.303030303030303";"0.0259851336479187"
"HNSC_subset.RData";"mutation";"5";"328 x 1785";"0.692073170731707";"0.72289156626506";"0.258064516129032";"0.0235834320386251"
"HNSC_subset.RData";"rna";"1";"330 x 3229";"0.848484848484849";"0.901234567901235";"0.764705882352941";"0.0179961363474528"
"HNSC_subset.RData";"rna";"2";"329 x 3229";"0.860182370820669";"0.853658536585366";"0.6";"0.0145600358645121"
"HNSC_subset.RData";"rna";"3";"329 x 3229";"0.866261398176292";"0.865853658536585";"0.666666666666667";"0.0144935846328735"
"HNSC_subset.RData";"rna";"4";"328 x 3229";"0.859756097560976";"0.843373493975904";"0.580645161290323";"0.0195138851801554"
"HNSC_subset.RData";"rna";"5";"328 x 3229";"0.859756097560976";"0.879518072289157";"0.705882352941176";"0.0132094144821167"
"HNSC_subset.RData";"cnv";"1";"330 x 2899";"0.984848484848485";"1";"1";"0.00949008464813232"
"HNSC_subset.RData";"cnv";"2";"329 x 2899";"0.990881458966565";"0.951219512195122";"0.91304347826087";"0.00875623226165772"
"HNSC_subset.RData";"cnv";"3";"329 x 2899";"0.987841945288754";"0.98780487804878";"0.977777777777778";"0.00865623553593953"
"HNSC_subset.RData";"cnv";"4";"328 x 2899";"0.984756097560976";"0.987951807228916";"0.977777777777778";"0.00840591589609782"
"HNSC_subset.RData";"cnv";"5";"328 x 2899";"0.984756097560976";"1";"1";"0.00860635042190552"
"HNSC_subset.RData";"clin";"1";"330 x 5";"0.684848484848485";"0.728395061728395";"0.214285714285714";"0.00475335121154785"
"HNSC_subset.RData";"clin";"2";"329 x 5";"0.702127659574468";"0.682926829268293";"0.133333333333333";"0.00401951471964518"
"HNSC_subset.RData";"clin";"3";"329 x 5";"0.699088145896657";"0.707317073170732";"0.294117647058824";"0.00405284961064657"
"HNSC_subset.RData";"clin";"4";"328 x 5";"0.682926829268293";"0.650602409638554";"0.292682926829268";"0.00406923294067383"
"HNSC_subset.RData";"clin";"5";"328 x 5";"0.685975609756098";"0.771084337349398";"0.457142857142857";"0.00426970322926839"
"KIRC_subset.RData";"mirna";"1";"258 x 363";"0.693798449612403";"0.703125";"0.24";"0.00617108345031738"
"KIRC_subset.RData";"mirna";"2";"258 x 363";"0.674418604651163";"0.75";"0.428571428571429";"0.00540383656819661"
"KIRC_subset.RData";"mirna";"3";"258 x 363";"0.689922480620155";"0.6875";"0.166666666666667";"0.00562066634496053"
"KIRC_subset.RData";"mirna";"4";"257 x 363";"0.653696498054475";"0.692307692307692";"0.285714285714286";"0.00552061796188355"
"KIRC_subset.RData";"mirna";"5";"257 x 363";"0.696498054474708";"0.646153846153846";"0.08";"0.00588753620783488"
"KIRC_subset.RData";"mutation";"1";"258 x 1203";"0.631782945736434";"0.71875";"0.307692307692308";"0.0158279140790304"
"KIRC_subset.RData";"mutation";"2";"258 x 1203";"0.666666666666667";"0.6875";"0.230769230769231";"0.0161614974339803"
"KIRC_subset.RData";"mutation";"3";"258 x 1203";"0.666666666666667";"0.671875";"0.16";"0.0152774969736735"
"KIRC_subset.RData";"mutation";"4";"257 x 1203";"0.665369649805447";"0.661538461538462";"0.153846153846154";"0.0149773001670837"
"KIRC_subset.RData";"mutation";"5";"257 x 1203";"0.669260700389105";"0.584615384615385";"0";"0.0151774684588114"
"KIRC_subset.RData";"rna";"1";"258 x 3447";"0.844961240310077";"0.875";"0.777777777777778";"0.0150437156359355"
"KIRC_subset.RData";"rna";"2";"258 x 3447";"0.875968992248062";"0.875";"0.789473684210526";"0.0116913517316182"
"KIRC_subset.RData";"rna";"3";"258 x 3447";"0.872093023255814";"0.8125";"0.625";"0.0117580691973368"
"KIRC_subset.RData";"rna";"4";"257 x 3447";"0.844357976653696";"0.923076923076923";"0.878048780487805";"0.0120585004488627"
"KIRC_subset.RData";"rna";"5";"257 x 3447";"0.875486381322957";"0.876923076923077";"0.789473684210526";"0.0113910992940267"
"KIRC_subset.RData";"cnv";"1";"258 x 2899";"0.996124031007752";"1";"1";"0.00728886922200521"
"KIRC_subset.RData";"cnv";"2";"258 x 2899";"0.992248062015504";"0.984375";"0.977777777777778";"0.0066213846206665"
"KIRC_subset.RData";"cnv";"3";"258 x 2899";"0.992248062015504";"0.984375";"0.977777777777778";"0.00693830251693726"
"KIRC_subset.RData";"cnv";"4";"257 x 2899";"0.988326848249027";"1";"1";"0.00735519727071126"
"KIRC_subset.RData";"cnv";"5";"257 x 2899";"0.992217898832685";"0.984615384615385";"0.978723404255319";"0.00782221953074137"
"KIRC_subset.RData";"clin";"1";"258 x 6";"0.612403100775194";"0.59375";"0.380952380952381";"0.00343578259150187"
"KIRC_subset.RData";"clin";"2";"258 x 6";"0.60077519379845";"0.5625";"0.333333333333333";"0.0044531504313151"
"KIRC_subset.RData";"clin";"3";"258 x 6";"0.585271317829457";"0.65625";"0.476190476190476";"0.00401956637700399"
"KIRC_subset.RData";"clin";"4";"257 x 6";"0.587548638132296";"0.646153846153846";"0.41025641025641";"0.00425305366516113"
"KIRC_subset.RData";"clin";"5";"257 x 6";"0.610894941634241";"0.584615384615385";"0.341463414634146";"0.00428639650344849"
"KIRP_subset.RData";"mirna";"1";"200 x 297";"0.735";"0.714285714285714";"0";"0.00517036517461141"
"KIRP_subset.RData";"mirna";"2";"199 x 297";"0.718592964824121";"0.76";"0.25";"0.00446951786677043"
"KIRP_subset.RData";"mirna";"3";"199 x 297";"0.718592964824121";"0.78";"0.352941176470588";"0.00436973571777344"
"KIRP_subset.RData";"mirna";"4";"199 x 297";"0.743718592964824";"0.72";"0.125";"0.00443646510442098"
"KIRP_subset.RData";"mirna";"5";"199 x 297";"0.728643216080402";"0.72";"0";"0.00438643296559652"
"KIRP_subset.RData";"mutation";"1";"200 x 1162";"0.535";"0.469387755102041";"0.380952380952381";"0.0129759033521016"
"KIRP_subset.RData";"mutation";"2";"199 x 1162";"0.688442211055276";"0.66";"0";"0.0113080501556396"
"KIRP_subset.RData";"mutation";"3";"199 x 1162";"0.487437185929648";"0.52";"0.454545454545454";"0.0123751521110535"
"KIRP_subset.RData";"mutation";"4";"199 x 1162";"0.658291457286432";"0.6";"0.230769230769231";"0.0120085676511129"
"KIRP_subset.RData";"mutation";"5";"199 x 1162";"0.467336683417085";"0.42";"0.325581395348837";"0.0121753493944804"
"KIRP_subset.RData";"rna";"1";"200 x 4880";"0.815";"0.877551020408163";"0.727272727272727";"0.0106576005617778"
"KIRP_subset.RData";"rna";"2";"199 x 4880";"0.829145728643216";"0.78";"0.421052631578947";"0.0105575203895569"
"KIRP_subset.RData";"rna";"3";"199 x 4880";"0.824120603015075";"0.9";"0.782608695652174";"0.0107405662536621"
"KIRP_subset.RData";"rna";"4";"199 x 4880";"0.824120603015075";"0.78";"0.352941176470588";"0.010791019598643"
"KIRP_subset.RData";"rna";"5";"199 x 4880";"0.804020100502513";"0.94";"0.88";"0.0109410325686137"
"KIRP_subset.RData";"cnv";"1";"200 x 2899";"0.985";"0.979591836734694";"0.962962962962963";"0.00652131636937459"
"KIRP_subset.RData";"cnv";"2";"199 x 2899";"0.979899497487437";"1";"1";"0.00635453462600708"
"KIRP_subset.RData";"cnv";"3";"199 x 2899";"0.979899497487437";"1";"1";"0.00597093502680461"
"KIRP_subset.RData";"cnv";"4";"199 x 2899";"0.984924623115578";"0.94";"0.903225806451613";"0.00642120043436686"
"KIRP_subset.RData";"cnv";"5";"199 x 2899";"0.979899497487437";"1";"1";"0.00598760048548381"
"KIRP_subset.RData";"clin";"1";"200 x 4";"0.605";"0.653061224489796";"0.260869565217391";"0.00240136384963989"
"KIRP_subset.RData";"clin";"2";"199 x 4";"0.633165829145729";"0.68";"0.272727272727273";"0.00255180199940999"
"KIRP_subset.RData";"clin";"3";"199 x 4";"0.597989949748744";"0.68";"0.333333333333333";"0.00250178178151449"
"KIRP_subset.RData";"clin";"4";"199 x 4";"0.688442211055276";"0.64";"0.181818181818182";"0.00248508056004842"
"KIRP_subset.RData";"clin";"5";"199 x 4";"0.653266331658292";"0.62";"0.344827586206897";"0.00260181824366252"
"LIHC_subset.RData";"mirna";"1";"239 x 389";"0.677824267782427";"0.728813559322034";"0.2";"0.00607098340988159"
"LIHC_subset.RData";"mirna";"2";"238 x 389";"0.697478991596639";"0.683333333333333";"0.0952380952380952";"0.00557063420613607"
"LIHC_subset.RData";"mirna";"3";"239 x 389";"0.715481171548117";"0.661016949152542";"0.0909090909090909";"0.00582083463668823"
"LIHC_subset.RData";"mirna";"4";"238 x 389";"0.676470588235294";"0.716666666666667";"0.19047619047619";"0.0053204337755839"
"LIHC_subset.RData";"mirna";"5";"238 x 389";"0.710084033613445";"0.7";"0.181818181818182";"0.00522038141886393"
"LIHC_subset.RData";"mutation";"1";"239 x 1593";"0.648535564853556";"0.627118644067797";"0.0833333333333333";"0.0149269660313924"
"LIHC_subset.RData";"mutation";"2";"238 x 1593";"0.638655462184874";"0.7";"0.181818181818182";"0.0146270831425985"
"LIHC_subset.RData";"mutation";"3";"239 x 1593";"0.661087866108787";"0.593220338983051";"0.0769230769230769";"0.0147271354993184"
"LIHC_subset.RData";"mutation";"4";"238 x 1593";"0.647058823529412";"0.65";"0.16";"0.0152775486310323"
"LIHC_subset.RData";"mutation";"5";"238 x 1593";"0.663865546218487";"0.683333333333333";"0";"0.0140766660372416"
"LIHC_subset.RData";"rna";"1";"239 x 3150";"0.849372384937239";"0.88135593220339";"0.774193548387097";"0.0107909838358561"
"LIHC_subset.RData";"rna";"2";"238 x 3150";"0.810924369747899";"0.9";"0.8125";"0.0100905179977417"
"LIHC_subset.RData";"rna";"3";"239 x 3150";"0.836820083682008";"0.830508474576271";"0.666666666666667";"0.0109911521275838"
"LIHC_subset.RData";"rna";"4";"238 x 3150";"0.848739495798319";"0.85";"0.689655172413793";"0.0102739810943604"
"LIHC_subset.RData";"rna";"5";"238 x 3150";"0.840336134453782";"0.733333333333333";"0.272727272727273";"0.010423751672109"
"LIHC_subset.RData";"cnv";"1";"239 x 2899";"0.97907949790795";"0.983050847457627";"0.972972972972973";"0.00720515251159668"
"LIHC_subset.RData";"cnv";"2";"238 x 2899";"0.978991596638655";"0.983333333333333";"0.974358974358974";"0.00647128423055013"
"LIHC_subset.RData";"cnv";"3";"239 x 2899";"0.97489539748954";"0.983050847457627";"0.974358974358974";"0.00715512037277222"
"LIHC_subset.RData";"cnv";"4";"238 x 2899";"0.978991596638655";"0.966666666666667";"0.95";"0.00705496470133464"
"LIHC_subset.RData";"cnv";"5";"238 x 2899";"0.983193277310924";"0.966666666666667";"0.95";"0.00658798615137736"
"LIHC_subset.RData";"clin";"1";"239 x 4";"0.615062761506276";"0.508474576271186";"0.171428571428571";"0.00308553377787272"
"LIHC_subset.RData";"clin";"2";"238 x 4";"0.605042016806723";"0.6";"0.4";"0.00341911713282267"
"LIHC_subset.RData";"clin";"3";"239 x 4";"0.627615062761506";"0.661016949152542";"0.333333333333333";"0.00301880041758219"
"LIHC_subset.RData";"clin";"4";"238 x 4";"0.626050420168067";"0.583333333333333";"0.193548387096774";"0.00315225124359131"
"LIHC_subset.RData";"clin";"5";"238 x 4";"0.642857142857143";"0.616666666666667";"0.342857142857143";"0.00330233573913574"
"LGG_subset.RData";"mirna";"1";"363 x 323";"0.53168044077135";"0.571428571428571";"0.338983050847458";"0.0088229497273763"
"LGG_subset.RData";"mirna";"2";"363 x 323";"0.515151515151515";"0.516483516483517";"0.388888888888889";"0.00925689935684204"
"LGG_subset.RData";"mirna";"3";"363 x 323";"0.493112947658402";"0.571428571428571";"0.450704225352113";"0.00817216634750366"
"LGG_subset.RData";"mirna";"4";"363 x 323";"0.559228650137741";"0.483516483516484";"0.229508196721311";"0.00870616436004639"
"LGG_subset.RData";"mirna";"5";"364 x 323";"0.513736263736264";"0.5";"0.307692307692308";"0.0100571831067403"
"LGG_subset.RData";"mutation";"1";"363 x 1340";"0.600550964187328";"0.505494505494505";"0.328358208955224";"0.0371764659881592"
"LGG_subset.RData";"mutation";"2";"363 x 1340";"0.586776859504132";"0.571428571428571";"0.434782608695652";"0.0366594513257345"
"LGG_subset.RData";"mutation";"3";"363 x 1340";"0.556473829201102";"0.582417582417582";"0.424242424242424";"0.0399618148803711"
"LGG_subset.RData";"mutation";"4";"363 x 1340";"0.559228650137741";"0.604395604395604";"0.4375";"0.0351250012715658"
"LGG_subset.RData";"mutation";"5";"364 x 1340";"0.571428571428571";"0.566666666666667";"0.4";"0.0354585647583008"
"LGG_subset.RData";"rna";"1";"363 x 3346";"0.972451790633609";"0.989010989010989";"0.987951807228916";"0.0169287323951721"
"LGG_subset.RData";"rna";"2";"363 x 3346";"0.975206611570248";"0.989010989010989";"0.987654320987654";"0.0168286323547363"
"LGG_subset.RData";"rna";"3";"363 x 3346";"0.980716253443526";"0.978021978021978";"0.975";"0.019347083568573"
"LGG_subset.RData";"rna";"4";"363 x 3346";"0.980716253443526";"0.967032967032967";"0.962962962962963";"0.016361665725708"
"LGG_subset.RData";"rna";"5";"364 x 3346";"0.958791208791209";"0.988888888888889";"0.987654320987654";"0.0166451652844747"
"LGG_subset.RData";"cnv";"1";"363 x 2899";"0.991735537190083";"0.989010989010989";"0.987951807228916";"0.0132090846697489"
"LGG_subset.RData";"cnv";"2";"363 x 2899";"0.994490358126722";"0.989010989010989";"0.987951807228916";"0.00940668185551961"
"LGG_subset.RData";"cnv";"3";"363 x 2899";"0.991735537190083";"0.989010989010989";"0.987951807228916";"0.0096735676129659"
"LGG_subset.RData";"cnv";"4";"363 x 2899";"0.988980716253444";"1";"1";"0.0095234473546346"
"LGG_subset.RData";"cnv";"5";"364 x 2899";"0.991758241758242";"0.988888888888889";"0.987951807228916";"0.00980698664983114"
"LGG_subset.RData";"clin";"1";"363 x 3";"0.573002754820937";"0.505494505494505";"0.444444444444444";"0.00472003221511841"
"LGG_subset.RData";"clin";"2";"363 x 3";"0.512396694214876";"0.538461538461538";"0.416666666666667";"0.00428638458251953"
"LGG_subset.RData";"clin";"3";"363 x 3";"0.537190082644628";"0.516483516483517";"0.463414634146341";"0.00477001667022705"
"LGG_subset.RData";"clin";"4";"363 x 3";"0.49862258953168";"0.56043956043956";"0.487179487179487";"0.00475338300069173"
"LGG_subset.RData";"clin";"5";"364 x 3";"0.467032967032967";"0.511111111111111";"0.476190476190476";"0.00460328261057536"
"LUAD_subset.RData";"mirna";"1";"340 x 401";"0.570588235294118";"0.547619047619048";"0.62";"0.0093900203704834"
"LUAD_subset.RData";"mirna";"2";"339 x 401";"0.578171091445428";"0.576470588235294";"0.64";"0.01112459897995"
"LUAD_subset.RData";"mirna";"3";"339 x 401";"0.56047197640118";"0.670588235294118";"0.72";"0.00847269694010417"
"LUAD_subset.RData";"mirna";"4";"339 x 401";"0.589970501474926";"0.576470588235294";"0.653846153846154";"0.0077054500579834"
"LUAD_subset.RData";"mirna";"5";"339 x 401";"0.581120943952802";"0.611764705882353";"0.679611650485437";"0.00872288147608439"
"LUAD_subset.RData";"mutation";"1";"340 x 1898";"0.482352941176471";"0.511904761904762";"0.405797101449275";"0.0227492173512777"
"LUAD_subset.RData";"mutation";"2";"339 x 1898";"0.501474926253687";"0.517647058823529";"0.493827160493827";"0.0214149673779805"
"LUAD_subset.RData";"mutation";"3";"339 x 1898";"0.528023598820059";"0.505882352941176";"0.4";"0.0240003983179728"
"LUAD_subset.RData";"mutation";"4";"339 x 1898";"0.504424778761062";"0.470588235294118";"0.457831325301205";"0.0212818503379822"
"LUAD_subset.RData";"mutation";"5";"339 x 1898";"0.519174041297935";"0.564705882352941";"0.574712643678161";"0.0214485685030619"
"LUAD_subset.RData";"rna";"1";"340 x 3553";"0.873529411764706";"0.892857142857143";"0.898876404494382";"0.0164447029431661"
"LUAD_subset.RData";"rna";"2";"339 x 3553";"0.876106194690266";"0.858823529411765";"0.872340425531915";"0.0170457681020101"
"LUAD_subset.RData";"rna";"3";"339 x 3553";"0.896755162241888";"0.905882352941176";"0.914893617021277";"0.0172786474227905"
"LUAD_subset.RData";"rna";"4";"339 x 3553";"0.887905604719764";"0.870588235294118";"0.888888888888889";"0.0180462002754211"
"LUAD_subset.RData";"rna";"5";"339 x 3553";"0.884955752212389";"0.905882352941176";"0.911111111111111";"0.0162615815798442"
"LUAD_subset.RData";"cnv";"1";"340 x 2899";"0.988235294117647";"1";"1";"0.00960685014724732"
"LUAD_subset.RData";"cnv";"2";"339 x 2899";"0.991150442477876";"0.988235294117647";"0.989247311827957";"0.00830556551615397"
"LUAD_subset.RData";"cnv";"3";"339 x 2899";"0.991150442477876";"0.976470588235294";"0.978723404255319";"0.00870618025461833"
"LUAD_subset.RData";"cnv";"4";"339 x 2899";"0.988200589970501";"0.988235294117647";"0.989247311827957";"0.00865616798400879"
"LUAD_subset.RData";"cnv";"5";"339 x 2899";"0.988200589970501";"1";"1";"0.00863946676254273"
"LUAD_subset.RData";"clin";"1";"340 x 6";"0.529411764705882";"0.55952380952381";"0.626262626262626";"0.00445316632588704"
"LUAD_subset.RData";"clin";"2";"339 x 6";"0.480825958702065";"0.564705882352941";"0.618556701030928";"0.00465331872304281"
"LUAD_subset.RData";"clin";"3";"339 x 6";"0.52212389380531";"0.482352941176471";"0.531914893617021";"0.00488681793212891"
"LUAD_subset.RData";"clin";"4";"339 x 6";"0.51622418879056";"0.458823529411765";"0.51063829787234";"0.00435306628545125"
"LUAD_subset.RData";"clin";"5";"339 x 6";"0.530973451327434";"0.505882352941176";"0.5625";"0.00436980326970418"
"LUSC_subset.RData";"mirna";"1";"293 x 449";"0.723549488054608";"0.736111111111111";"0";"0.00810573101043701"
"LUSC_subset.RData";"mirna";"2";"292 x 449";"0.726027397260274";"0.753424657534247";"0.1";"0.00668806632359823"
"LUSC_subset.RData";"mirna";"3";"293 x 449";"0.726962457337884";"0.736111111111111";"0";"0.00685455004374186"
"LUSC_subset.RData";"mirna";"4";"291 x 449";"0.735395189003436";"0.72972972972973";"0";"0.00677148103713989"
"LUSC_subset.RData";"mirna";"5";"291 x 449";"0.728522336769759";"0.716216216216216";"0";"0.00700496435165405"
"LUSC_subset.RData";"mutation";"1";"293 x 1884";"0.747440273037543";"0.763888888888889";"0.37037037037037";"0.0147434989611308"
"LUSC_subset.RData";"mutation";"2";"292 x 1884";"0.746575342465753";"0.808219178082192";"0.461538461538462";"0.0154276172320048"
"LUSC_subset.RData";"mutation";"3";"293 x 1884";"0.737201365187713";"0.736111111111111";"0.24";"0.0149439334869385"
"LUSC_subset.RData";"mutation";"4";"291 x 1884";"0.74914089347079";"0.675675675675676";"0.142857142857143";"0.015261181195577"
"LUSC_subset.RData";"mutation";"5";"291 x 1884";"0.731958762886598";"0.77027027027027";"0.37037037037037";"0.0159112850824992"
"LUSC_subset.RData";"rna";"1";"293 x 3530";"0.795221843003413";"0.763888888888889";"0.19047619047619";"0.0179461161295573"
"LUSC_subset.RData";"rna";"2";"292 x 3530";"0.784246575342466";"0.794520547945205";"0.347826086956522";"0.0142601172129313"
"LUSC_subset.RData";"rna";"3";"293 x 3530";"0.767918088737201";"0.805555555555556";"0.416666666666667";"0.0168452858924866"
"LUSC_subset.RData";"rna";"4";"291 x 3530";"0.790378006872852";"0.797297297297297";"0.4";"0.0136597156524658"
"LUSC_subset.RData";"rna";"5";"291 x 3530";"0.800687285223368";"0.797297297297297";"0.4";"0.0140433351198832"
"LUSC_subset.RData";"cnv";"1";"293 x 2899";"0.982935153583618";"0.986111111111111";"0.974358974358974";"0.0114915649096171"
"LUSC_subset.RData";"cnv";"2";"292 x 2899";"0.982876712328767";"1";"1";"0.00797234773635864"
"LUSC_subset.RData";"cnv";"3";"293 x 2899";"0.986348122866894";"0.986111111111111";"0.974358974358974";"0.00793901681900024"
"LUSC_subset.RData";"cnv";"4";"291 x 2899";"0.989690721649485";"0.986486486486487";"0.975609756097561";"0.00778886874516805"
"LUSC_subset.RData";"cnv";"5";"291 x 2899";"0.989690721649485";"0.972972972972973";"0.952380952380952";"0.0109911322593689"
"LUSC_subset.RData";"clin";"1";"293 x 7";"0.655290102389078";"0.736111111111111";"0.296296296296296";"0.00426969925562541"
"LUSC_subset.RData";"clin";"2";"292 x 7";"0.681506849315068";"0.589041095890411";"0.117647058823529";"0.00380268494288127"
"LUSC_subset.RData";"clin";"3";"293 x 7";"0.631399317406143";"0.708333333333333";"0.432432432432432";"0.00373600323994954"
"LUSC_subset.RData";"clin";"4";"291 x 7";"0.663230240549828";"0.635135135135135";"0.307692307692308";"0.00391948223114014"
"LUSC_subset.RData";"clin";"5";"291 x 7";"0.666666666666667";"0.689189189189189";"0.148148148148148";"0.00410289764404297"
"PAAD_subset.RData";"mirna";"1";"114 x 307";"0.570175438596491";"0.607142857142857";"0.421052631578947";"0.00250176588694255"
"PAAD_subset.RData";"mirna";"2";"113 x 307";"0.557522123893805";"0.620689655172414";"0.476190476190476";"0.00258516867955526"
"PAAD_subset.RData";"mirna";"3";"114 x 307";"0.578947368421053";"0.607142857142857";"0.421052631578947";"0.00263524850209554"
"PAAD_subset.RData";"mirna";"4";"113 x 307";"0.619469026548673";"0.517241379310345";"0.3";"0.0023683508237203"
"PAAD_subset.RData";"mirna";"5";"114 x 307";"0.552631578947368";"0.642857142857143";"0.375";"0.0027182658513387"
"PAAD_subset.RData";"mutation";"1";"114 x 1289";"0.56140350877193";"0.571428571428571";"0";"0.00558731555938721"
"PAAD_subset.RData";"mutation";"2";"113 x 1289";"0.548672566371681";"0.448275862068966";"0.272727272727273";"0.00515368382136027"
"PAAD_subset.RData";"mutation";"3";"114 x 1289";"0.578947368421053";"0.607142857142857";"0.266666666666667";"0.00537051359812419"
"PAAD_subset.RData";"mutation";"4";"113 x 1289";"0.566371681415929";"0.379310344827586";"0.181818181818182";"0.00542052984237671"
"PAAD_subset.RData";"mutation";"5";"114 x 1289";"0.517543859649123";"0.535714285714286";"0.434782608695652";"0.00498685042063395"
"PAAD_subset.RData";"rna";"1";"114 x 3353";"0.815789473684211";"0.821428571428571";"0.761904761904762";"0.00597091515858968"
"PAAD_subset.RData";"rna";"2";"113 x 3353";"0.867256637168142";"0.862068965517241";"0.818181818181818";"0.00577075084050496"
"PAAD_subset.RData";"rna";"3";"114 x 3353";"0.842105263157895";"0.892857142857143";"0.869565217391304";"0.00590418577194214"
"PAAD_subset.RData";"rna";"4";"113 x 3353";"0.849557522123894";"0.862068965517241";"0.818181818181818";"0.00537046591440837"
"PAAD_subset.RData";"rna";"5";"114 x 3353";"0.780701754385965";"0.821428571428571";"0.761904761904762";"0.00570403337478638"
"PAAD_subset.RData";"cnv";"1";"114 x 2899";"0.956140350877193";"0.964285714285714";"0.96";"0.00482008457183838"
"PAAD_subset.RData";"cnv";"2";"113 x 2899";"0.973451327433628";"0.931034482758621";"0.923076923076923";"0.00406955083211263"
"PAAD_subset.RData";"cnv";"3";"114 x 2899";"0.964912280701754";"1";"1";"0.00433641672134399"
"PAAD_subset.RData";"cnv";"4";"113 x 2899";"0.964601769911504";"1";"1";"0.00463661750157674"
"PAAD_subset.RData";"cnv";"5";"114 x 2899";"0.973684210526316";"0.964285714285714";"0.96";"0.00403620004653931"
"PAAD_subset.RData";"clin";"1";"114 x 4";"0.543859649122807";"0.535714285714286";"0.380952380952381";"0.00151775280634562"
"PAAD_subset.RData";"clin";"2";"113 x 4";"0.52212389380531";"0.586206896551724";"0.5";"0.00193471908569336"
"PAAD_subset.RData";"clin";"3";"114 x 4";"0.570175438596491";"0.535714285714286";"0.48";"0.0015511155128479"
"PAAD_subset.RData";"clin";"4";"113 x 4";"0.530973451327434";"0.620689655172414";"0.476190476190476";"0.00148436625798543"
"PAAD_subset.RData";"clin";"5";"114 x 4";"0.587719298245614";"0.607142857142857";"0.421052631578947";"0.00160109996795654"
"SARC_subset.RData";"mirna";"1";"148 x 390";"0.601351351351351";"0.542857142857143";"0.619047619047619";"0.00483681758244832"
"SARC_subset.RData";"mirna";"2";"146 x 390";"0.541095890410959";"0.648648648648649";"0.73469387755102";"0.00380269686381022"
"SARC_subset.RData";"mirna";"3";"146 x 390";"0.513698630136986";"0.648648648648649";"0.682926829268293";"0.00360254844029744"
"SARC_subset.RData";"mirna";"4";"146 x 390";"0.575342465753425";"0.459459459459459";"0.5";"0.00370266437530518"
"SARC_subset.RData";"mirna";"5";"146 x 390";"0.568493150684932";"0.72972972972973";"0.761904761904762";"0.00376901626586914"
"SARC_subset.RData";"mutation";"1";"148 x 1249";"0.560810810810811";"0.571428571428571";"0.680851063829787";"0.00882295370101929"
"SARC_subset.RData";"mutation";"2";"146 x 1249";"0.534246575342466";"0.594594594594595";"0.666666666666667";"0.00823919773101807"
"SARC_subset.RData";"mutation";"3";"146 x 1249";"0.541095890410959";"0.594594594594595";"0.693877551020408";"0.00808911720911662"
"SARC_subset.RData";"mutation";"4";"146 x 1249";"0.582191780821918";"0.540540540540541";"0.585365853658537";"0.00838936567306519"
"SARC_subset.RData";"mutation";"5";"146 x 1249";"0.595890410958904";"0.513513513513513";"0.666666666666667";"0.0074886679649353"
"SARC_subset.RData";"rna";"1";"148 x 3427";"0.743243243243243";"0.771428571428571";"0.8";"0.00783891677856445"
"SARC_subset.RData";"rna";"2";"146 x 3427";"0.746575342465753";"0.810810810810811";"0.844444444444444";"0.0079222838083903"
"SARC_subset.RData";"rna";"3";"146 x 3427";"0.773972602739726";"0.702702702702703";"0.744186046511628";"0.00783890088399251"
"SARC_subset.RData";"rna";"4";"146 x 3427";"0.787671232876712";"0.783783783783784";"0.80952380952381";"0.00715508460998535"
"SARC_subset.RData";"rna";"5";"146 x 3427";"0.732876712328767";"0.810810810810811";"0.810810810810811";"0.00700498421986898"
"SARC_subset.RData";"cnv";"1";"148 x 2899";"0.97972972972973";"1";"1";"0.00595421393712362"
"SARC_subset.RData";"cnv";"2";"146 x 2899";"0.986301369863014";"0.972972972972973";"0.975609756097561";"0.00582083463668823"
"SARC_subset.RData";"cnv";"3";"146 x 2899";"0.972602739726027";"1";"1";"0.00890633265177409"
"SARC_subset.RData";"cnv";"4";"146 x 2899";"0.979452054794521";"0.945945945945946";"0.952380952380952";"0.00548723141352336"
"SARC_subset.RData";"cnv";"5";"146 x 2899";"0.986301369863014";"1";"1";"0.00612105131149292"
"SARC_subset.RData";"clin";"1";"148 x 2";"0.540540540540541";"0.542857142857143";"0.703703703703704";"0.0017345666885376"
"SARC_subset.RData";"clin";"2";"146 x 2";"0.445205479452055";"0.540540540540541";"0.260869565217391";"0.00193468332290649"
"SARC_subset.RData";"clin";"3";"146 x 2";"0.267123287671233";"0.540540540540541";"0.260869565217391";"0.00195135275522868"
"SARC_subset.RData";"clin";"4";"146 x 2";"0.575342465753425";"0.432432432432432";"0.0869565217391304";"0.0019680658976237"
"SARC_subset.RData";"clin";"5";"146 x 2";"0.397260273972603";"0.513513513513513";"0.181818181818182";"0.00193469921747843"
"SKCM_subset.RData";"mirna";"1";"211 x 502";"0.535545023696682";"0.60377358490566";"0.16";"0.00570403337478638"
"SKCM_subset.RData";"mirna";"2";"212 x 502";"0.580188679245283";"0.596153846153846";"0.16";"0.00568738381067912"
"SKCM_subset.RData";"mirna";"3";"211 x 502";"0.563981042654028";"0.60377358490566";"0";"0.00553724765777588"
"SKCM_subset.RData";"mirna";"4";"211 x 502";"0.559241706161137";"0.641509433962264";"0.173913043478261";"0.00568739970525106"
"SKCM_subset.RData";"mirna";"5";"211 x 502";"0.606635071090047";"0.60377358490566";"0.222222222222222";"0.00568705002466838"
"SKCM_subset.RData";"mutation";"1";"211 x 1950";"0.511848341232227";"0.660377358490566";"0.5";"0.0106909314791361"
"SKCM_subset.RData";"mutation";"2";"212 x 1950";"0.580188679245283";"0.538461538461538";"0.142857142857143";"0.00912318627039591"
"SKCM_subset.RData";"mutation";"3";"211 x 1950";"0.592417061611374";"0.584905660377358";"0.153846153846154";"0.0092399001121521"
"SKCM_subset.RData";"mutation";"4";"211 x 1950";"0.582938388625592";"0.60377358490566";"0.16";"0.00917316675186157"
"SKCM_subset.RData";"mutation";"5";"211 x 1950";"0.606635071090047";"0.60377358490566";"0.222222222222222";"0.00957348346710205"
"SKCM_subset.RData";"rna";"1";"211 x 3338";"0.791469194312796";"0.849056603773585";"0.764705882352941";"0.0102572361628215"
"SKCM_subset.RData";"rna";"2";"212 x 3338";"0.792452830188679";"0.730769230769231";"0.533333333333333";"0.0100070834159851"
"SKCM_subset.RData";"rna";"3";"211 x 3338";"0.748815165876777";"0.735849056603774";"0.533333333333333";"0.0101571997006734"
"SKCM_subset.RData";"rna";"4";"211 x 3338";"0.767772511848341";"0.849056603773585";"0.764705882352941";"0.0100738485654195"
"SKCM_subset.RData";"rna";"5";"211 x 3338";"0.767772511848341";"0.830188679245283";"0.727272727272727";"0.0104074001312256"
"SKCM_subset.RData";"cnv";"1";"211 x 2899";"0.985781990521327";"0.981132075471698";"0.976744186046512";"0.00733848015467326"
"SKCM_subset.RData";"cnv";"2";"212 x 2899";"0.966981132075472";"1";"1";"0.00688821872075399"
"SKCM_subset.RData";"cnv";"3";"211 x 2899";"0.976303317535545";"0.962264150943396";"0.954545454545454";"0.00633783340454102"
"SKCM_subset.RData";"cnv";"4";"211 x 2899";"0.962085308056872";"0.943396226415094";"0.933333333333333";"0.00658798615137736"
"SKCM_subset.RData";"cnv";"5";"211 x 2899";"0.971563981042654";"1";"1";"0.00647128423055013"
"SKCM_subset.RData";"clin";"1";"211 x 5";"0.568720379146919";"0.584905660377358";"0.388888888888889";"0.00273506641387939"
"SKCM_subset.RData";"clin";"2";"212 x 5";"0.490566037735849";"0.673076923076923";"0.514285714285714";"0.00268523295720418"
"SKCM_subset.RData";"clin";"3";"211 x 5";"0.592417061611374";"0.509433962264151";"0.315789473684211";"0.00268524885177612"
"SKCM_subset.RData";"clin";"4";"211 x 5";"0.559241706161137";"0.60377358490566";"0.511627906976744";"0.00258513291676839"
"SKCM_subset.RData";"clin";"5";"211 x 5";"0.582938388625592";"0.490566037735849";"0.307692307692308";"0.00278531710306803"
"STAD_subset.RData";"mirna";"1";"227 x 395";"0.568281938325991";"0.596491228070175";"0";"0.00592086712519328"
"STAD_subset.RData";"mirna";"2";"227 x 395";"0.559471365638767";"0.578947368421053";"0.0769230769230769";"0.00532046556472778"
"STAD_subset.RData";"mirna";"3";"227 x 395";"0.581497797356828";"0.614035087719298";"0.0833333333333333";"0.00538716316223145"
"STAD_subset.RData";"mirna";"4";"227 x 395";"0.541850220264317";"0.614035087719298";"0.153846153846154";"0.00538716713587443"
"STAD_subset.RData";"mirna";"5";"228 x 395";"0.570175438596491";"0.553571428571429";"0";"0.0055372675259908"
"STAD_subset.RData";"mutation";"1";"227 x 1915";"0.607929515418502";"0.649122807017544";"0.375";"0.0159947355588277"
"STAD_subset.RData";"mutation";"2";"227 x 1915";"0.577092511013216";"0.526315789473684";"0.4";"0.0160780986150106"
"STAD_subset.RData";"mutation";"3";"227 x 1915";"0.585903083700441";"0.56140350877193";"0.390243902439024";"0.0155943830808004"
"STAD_subset.RData";"mutation";"4";"227 x 1915";"0.581497797356828";"0.649122807017544";"0.444444444444444";"0.0166785677274068"
"STAD_subset.RData";"mutation";"5";"228 x 1915";"0.587719298245614";"0.553571428571429";"0.418604651162791";"0.0131259679794312"
"STAD_subset.RData";"rna";"1";"227 x 3905";"0.788546255506608";"0.771929824561403";"0.580645161290323";"0.0113914489746094"
"STAD_subset.RData";"rna";"2";"227 x 3905";"0.814977973568282";"0.789473684210526";"0.625";"0.0117416818936666"
"STAD_subset.RData";"rna";"3";"227 x 3905";"0.832599118942731";"0.771929824561403";"0.580645161290323";"0.0116750001907349"
"STAD_subset.RData";"rna";"4";"227 x 3905";"0.797356828193833";"0.859649122807018";"0.777777777777778";"0.0114584485689799"
"STAD_subset.RData";"rna";"5";"228 x 3905";"0.842105263157895";"0.839285714285714";"0.756756756756757";"0.0115915815035502"
"STAD_subset.RData";"cnv";"1";"227 x 2899";"0.977973568281938";"1";"1";"0.00753870010375977"
"STAD_subset.RData";"cnv";"2";"227 x 2899";"0.977973568281938";"0.982456140350877";"0.977777777777778";"0.00810575087865194"
"STAD_subset.RData";"cnv";"3";"227 x 2899";"0.973568281938326";"0.964912280701754";"0.956521739130435";"0.00705501635869344"
"STAD_subset.RData";"cnv";"4";"227 x 2899";"0.973568281938326";"0.964912280701754";"0.956521739130435";"0.00662136475245158"
"STAD_subset.RData";"cnv";"5";"228 x 2899";"0.978070175438597";"0.982142857142857";"0.977777777777778";"0.00725548267364502"
"STAD_subset.RData";"clin";"1";"227 x 6";"0.480176211453744";"0.473684210526316";"0.117647058823529";"0.0037526806195577"
"STAD_subset.RData";"clin";"2";"227 x 6";"0.497797356828194";"0.456140350877193";"0.24390243902439";"0.00321891705195109"
"STAD_subset.RData";"clin";"3";"227 x 6";"0.449339207048458";"0.614035087719298";"0.421052631578947";"0.00348581870396932"
"STAD_subset.RData";"clin";"4";"227 x 6";"0.502202643171806";"0.56140350877193";"0.285714285714286";"0.00300213495890299"
"STAD_subset.RData";"clin";"5";"228 x 6";"0.504385964912281";"0.339285714285714";"0.212765957446809";"0.00313555002212524"
